{
  "count": 248,
  "throughput_rps": 252.24326140586768,
  "p50": 14.812186792457457,
  "p90": 17.50735923312825,
  "p95": 18.321845369089306,
  "p99": 19.27472376366373,
  "p999": 20.31907028615865,
  "cpu_avg": 0.0,
  "memory_avg_mb": 544.7868656736049,
  "gpu_avg": 79.8403662035714,
  "batch_size_avg": 9.17741935483871,
  "queue_delay_avg_ms": 2.1735292569670217,
  "peak_memory_bytes": 233753
}